2024-08-08 00:30:01,IND
22 BH 65I7 A
2024-08-08 00:30:11,IND
22 BH 65I7 A
H2ODY2366
2024-08-08 00:30:20,H
KA G2MP 9657
2024-08-08 00:30:54,MHI2DEI433
2024-08-08 00:31:06,MH I2I
IND
KIA
RJI4CVOOO2
2024-08-08 00:31:39,KIA
RJI4CVOOO2
IND
WB O6 F 5977
2024-08-08 00:31:48,B
IND
WB O6 F 5977
MHI2DEI433
2024-08-08 00:31:59,MHI2 DE I433
KA G5 MG I9O9
2024-08-08 00:32:19,KA G5 MG I9O9
2024-08-08 00:32:31,e
22 BH 65I7 A
2024-08-08 00:32:40,MH I2 DE I433
2024-08-08 00:32:50,B
IND
WB O6 F 5977
2024-08-08 00:33:02,e
IND
KIA
RJI4CVOOO2
2024-08-08 00:33:11,D
MHI2DEI433
2024-08-08 00:33:20,B
KA O2MP 9657
2024-08-08 00:33:29,B
IND
WB O6 F 5977
2024-08-08 00:33:38,D
TH
KA G2MP 9657
2024-08-08 00:34:08,2OOI2366
2024-08-08 00:35:03,MHI2DEI433
